optimizer,seed,task,obs_delay,act_delay,epret,eplen,rstep,astd,actor_dorm,value_dorm
adam,0,0,0,0,4094.6521199544272,762.1465098063151,5.562391956647237,0.3296028822660446,0.0,10.571167707443237
adam,0,1,1,0,2053.3941040039062,383.98324148995533,5.388492243630545,0.3140080315726144,0.2976190618106297,10.78956127166748
adam,0,2,1,1,1218.1749489524148,282.26720636541194,4.3267788020047275,0.28042234073985706,1.388888955116272,11.32637830214067
adam,0,3,2,1,910.9099807739258,235.7248411178589,3.886507749557495,0.26675429567694664,1.388888955116272,12.748828828334808
adam,0,4,2,2,926.301338704427,252.11084696451823,3.6862967650095624,0.2494821031888326,1.898148282368978,14.70205504099528
adam,0,5,3,2,756.8469970703125,223.1401565551758,3.407231259346008,0.23737615197896958,2.708333468437195,16.99453468322754
adam,0,6,3,3,548.2056415264423,181.77125197190506,3.026976438669058,0.2347489194228099,2.4038463005652795,18.26097297668457
adam,0,7,4,3,348.06089477539064,135.05665588378906,2.5945358753204344,0.22346375286579132,2.777777910232544,20.983605766296385
adam,0,8,4,4,264.7877584604117,118.13776456392728,2.254550291941716,0.22674210598835579,2.777777910232544,23.443222486055813
adam,0,9,5,4,254.75345865885416,126.27283668518066,2.0293922225634256,0.22304203982154527,2.0833334922790527,29.14389705657959
adam,0,10,5,5,343.914081920277,158.78807345303622,2.1774685599587182,0.2306711267341267,2.0833334922790527,32.86494827270508
adam,0,11,6,5,654.524853515625,251.20891418457032,2.6142024993896484,0.23795989900827408,2.0833334922790527,35.105384063720706
adam,0,12,6,6,1090.0073738098145,356.64367485046387,3.0667961090803146,0.24705104157328606,2.0833334922790527,36.875487089157104
adam,0,13,7,6,1434.3793334960938,429.6630340576172,3.3563244342803955,0.24861340075731278,2.0833334922790527,38.12646331787109
adam,0,14,7,7,1194.6187235514324,352.45909627278644,3.3952422936757407,0.25066182017326355,2.0833334922790527,38.18631235758463
adam,0,15,8,7,1580.667626953125,461.80185546875,3.4427674055099486,0.2516808480024338,2.0833334922790527,40.03903045654297
adam,0,16,8,8,1579.9474252554087,454.6551020695613,3.482415272639348,0.24680901146852052,2.0833334922790527,40.923555227426384
adam,0,17,9,8,1418.2694646661932,411.65470470081675,3.4610876603560015,0.2568107680840926,2.0833334922790527,41.67198666659269
adam,0,18,9,9,1034.175203450521,309.1305867513021,3.3498576482137046,0.2622766027847926,2.1296297868092853,41.030442810058595
adam,0,19,10,9,1039.3508245294745,332.2194463556463,3.1409693631258877,0.2496284761212089,3.472222328186035,42.3177885575728
adam,0,20,10,10,717.6989624023438,237.7628377278646,3.030593013763428,0.29057248334089913,2.1296297868092853,42.20660680135091
regrama,0,0,0,0,3893.961710611979,711.0160929361979,5.707345008850098,0.3485632960995038,0.0,10.67525307337443
regrama,0,1,1,0,2195.0306570870534,417.5361022949219,5.300561428070068,0.322853935616357,0.6448413005896977,11.168729373386928
regrama,0,2,1,1,1767.062255859375,383.6474054509943,4.636803366921165,0.2935425774617629,1.388888955116272,12.802497777071865
regrama,0,3,2,1,1666.433494567871,391.8620796203613,4.264666944742203,0.26871234364807606,1.388888955116272,14.637001812458038
regrama,0,4,2,2,958.4052530924479,262.5906677246094,3.670882749557495,0.2554034690062205,1.388888955116272,14.780119132995605
regrama,0,5,3,2,562.1179840087891,182.91427612304688,3.0899953603744508,0.2442817509174347,1.388888955116272,15.347384357452393
regrama,0,6,3,3,356.75357759915863,138.96978290264423,2.580287915009719,0.23922331860432258,1.388888955116272,15.798954596886269
regrama,0,7,4,3,233.68524169921875,106.88146896362305,2.1948741912841796,0.2402652084827423,2.0833334922790527,18.462138748168947
regrama,0,8,4,4,196.95588566706732,99.39436633770282,1.9961024797879732,0.23507120059086725,2.0833334922790527,19.94835692185622
regrama,0,9,5,4,211.15319442749023,116.25582504272461,1.8257548809051514,0.22301878531773886,2.777777910232544,24.017693201700848
regrama,0,10,5,5,290.7098000266335,149.2320792458274,1.9589156671003862,0.222867029634389,2.777777910232544,26.1301533092152
regrama,0,11,6,5,437.9743255615234,185.37037963867186,2.371304655075073,0.22235369682312012,2.5694445848464964,26.768148803710936
regrama,0,12,6,6,790.999324798584,286.5727767944336,2.7669715583324432,0.22076584678143263,2.777777910232544,28.815377950668335
regrama,0,13,7,6,840.0570495605468,289.8984832763672,2.909929895401001,0.22017659544944762,2.777777910232544,29.898515701293945
regrama,0,14,7,7,975.8862508138021,315.2914352416992,3.106581370035807,0.22282671431700388,2.1990742286046348,30.464479446411133
regrama,0,15,8,7,1024.5981750488281,329.02362670898435,3.1218058109283446,0.22988625168800353,2.0833334922790527,32.07650184631348
regrama,0,16,8,8,829.7348398061899,271.73164719801684,3.0567637223463793,0.23486486765054557,2.0833334922790527,31.225603397075947
regrama,0,17,9,8,805.6125543767756,268.0091053355824,3.018513462760232,0.2329621816223318,2.0833334922790527,31.835922588001598
regrama,0,18,9,9,836.0144409179687,287.91705729166665,2.9094357013702394,0.23487161993980407,2.0833334922790527,32.57871360778809
regrama,0,19,10,9,656.9709028764205,231.00715775923297,2.8560867526314477,0.31137299131263385,2.0833334922790527,31.79334207014604
regrama,0,20,10,10,703.9018513997396,251.3642822265625,2.8170979976654054,0.2714749197165171,2.0833334922790527,32.45381100972494
cpr,0,0,0,0,3752.377726236979,676.3708445231119,5.711656928062439,0.34821416189273197,0.0,10.857403119405111
cpr,0,1,1,0,2452.5955897739955,450.177978515625,5.47341571535383,0.32005120388099123,0.5952381236212594,11.408497537885394
cpr,0,2,1,1,1407.9352361505682,311.2623180042614,4.5625201572071425,0.29508950493552466,1.1994950066913257,12.050244157964533
cpr,0,3,2,1,852.3384437561035,215.5351448059082,3.9743242859840393,0.28029546700417995,1.388888955116272,12.148711264133453
cpr,0,4,2,2,626.7614664713542,179.36051025390626,3.510061581929525,0.2662582556406657,1.388888955116272,12.459015846252441
cpr,0,5,3,2,395.2906524658203,133.27002029418946,2.9788369655609133,0.26531573534011843,1.388888955116272,12.622950458526612
cpr,0,6,3,3,284.8070889986478,115.65632159893329,2.4706705533541164,0.25977830244944644,1.6559830078711877,13.565122751089243
cpr,0,7,4,3,205.2148864746094,98.13004989624024,2.099562931060791,0.2498480886220932,2.0833334922790527,16.768149185180665
cpr,0,8,4,4,185.88404024564304,98.40452634371243,1.902677370951726,0.23929079220845148,2.0833334922790527,19.76220439030574
cpr,0,9,5,4,219.7197519938151,120.38643900553386,1.8279768625895183,0.23551083356142044,2.0833334922790527,25.29924472173055
cpr,0,10,5,5,382.20761663263494,176.4297859885476,2.1785503084009346,0.24499225887385281,2.0833334922790527,27.279822609641336
cpr,0,11,6,5,601.2639709472656,225.28080139160156,2.6719295501708986,0.2537041217088699,2.0833334922790527,28.446525192260744
cpr,0,12,6,6,766.4774017333984,253.48294639587402,3.0428408086299896,0.2584518603980541,2.387152925133705,30.108312606811523
cpr,0,13,7,6,1032.3367919921875,316.6132537841797,3.276478886604309,0.25648345351219176,1.8055556774139405,31.740826416015626
cpr,0,14,7,7,946.5298105875651,289.7840627034505,3.2684587637583413,0.24809983496864638,3.7037038803100586,32.18839359283447
cpr,0,15,8,7,788.7776916503906,247.4074951171875,3.1959030389785767,0.24511859863996505,4.5138890743255615,33.25526809692383
cpr,0,16,8,8,705.8699763371394,223.0455087515024,3.1747275315798245,0.24951140467937177,4.1666669845581055,34.30612916212816
cpr,0,17,9,8,736.1841486150569,236.5276669588956,3.1272335702722724,0.24753156710754742,4.229798273606733,36.54814980246804
cpr,0,18,9,9,715.2560424804688,237.2811513264974,3.014269399642944,0.24475796520709991,4.861111164093018,37.60603688557943
cpr,0,19,10,9,535.9663973721591,186.11432855779475,2.884629336270419,0.24577797813849014,5.871212482452393,38.691362554376774
cpr,0,20,10,10,460.5363423665365,172.75730895996094,2.678959433237712,0.23922496438026428,6.481481870015462,39.968772888183594
redo,0,0,0,0,3593.1508585611978,693.2398986816406,5.319292267163594,0.3367009833455086,0.0,10.493103742599487
redo,0,1,1,0,3353.526628766741,604.8694763183594,5.584736347198486,0.3066900500229427,1.2400794242109572,11.24679354258946
redo,0,2,1,1,2663.347567471591,543.3709245161576,4.957000038840554,0.2747829827395352,1.388888955116272,11.510893128134988
redo,0,3,2,1,2046.1811981201172,458.76039695739746,4.500945746898651,0.24950579646974802,1.388888955116272,12.426814556121826
redo,0,4,2,2,1244.467508951823,335.5201782226562,3.7198859055836997,0.24449983139832815,1.388888955116272,12.287275250752767
redo,0,5,3,2,693.9465026855469,219.3836196899414,3.181898856163025,0.2430487632751465,1.388888955116272,10.889929389953613
redo,0,6,3,3,458.41844294621393,169.84498009314905,2.711081083004291,0.24083888072233933,1.7094018184221709,7.283972556774433
redo,0,7,4,3,324.9904724121094,141.10626754760742,2.3151646852493286,0.22932329028844833,2.0833334922790527,6.284152793884277
redo,0,8,4,4,244.71883568396936,122.78120715801532,2.0063415490663967,0.21921194516695464,2.0833334922790527,6.0049237838158245
redo,0,9,5,4,205.87315241495767,115.6395149230957,1.7908189992109935,0.22316868230700493,2.0833334922790527,9.60187315940857
redo,0,10,5,5,225.55891973322088,123.92309778386897,1.83047231760892,0.23446257006038318,2.0833334922790527,13.753459236838601
redo,0,11,6,5,364.9317138671875,171.46456604003907,2.1376744747161864,0.23668983578681946,2.0833334922790527,17.689304542541503
redo,0,12,6,6,650.2181282043457,254.29365062713623,2.5725790709257126,0.2426966866478324,2.0833334922790527,21.906712532043457
redo,0,13,7,6,888.8477416992188,308.6349334716797,2.8954251527786257,0.23116447329521178,2.0833334922790527,23.10694694519043
redo,0,14,7,7,1205.9580179850261,390.35656992594403,3.0862947503725686,0.2307468056678772,2.0833334922790527,24.876397609710693
redo,0,15,8,7,1155.43056640625,356.08026123046875,3.254569935798645,0.23434550315141678,2.0833334922790527,26.463699340820312
redo,0,16,8,8,1044.3911696213943,334.1637925368089,3.144901862511268,0.4054656842580208,2.0833334922790527,25.809162873488205
redo,0,17,9,8,817.8508744673295,270.0566003972834,3.0563161806626753,0.34870782223614777,2.0833334922790527,25.846283652565695
redo,0,18,9,9,813.9868041992188,267.4125061035156,3.050909471511841,0.26983982225259145,2.0833334922790527,25.849595896402995
redo,0,19,10,9,762.8899924538352,250.35036954012784,3.0739757147702305,0.3626483543352647,2.0833334922790527,26.74047157981179
redo,0,20,10,10,736.4245279947917,251.95086466471355,2.93825159072876,0.27092394630114236,2.0833334922790527,25.896434275309243
cbp,0,0,0,0,2771.5113321940103,528.9377746582031,5.3609992663065595,0.3670585925380389,0.0,10.88992953300476
cbp,0,1,1,0,3317.8128836495534,590.0210222516741,5.706199816295078,0.32998500551496235,0.8432540084634509,10.694768973759242
cbp,0,2,1,1,1480.019853071733,327.0310155695135,4.536417224190452,0.29734930396080017,1.388888955116272,10.574124683033336
cbp,0,3,2,1,1381.8249168395996,338.38885593414307,4.102748915553093,0.26241703145205975,1.388888955116272,10.889929354190826
cbp,0,4,2,2,973.9151814778646,268.1081309000651,3.6398566722869874,0.2553232471148173,1.388888955116272,11.017433993021648
cbp,0,5,3,2,651.4134643554687,203.6563522338867,3.207724952697754,0.2433936893939972,1.388888955116272,10.960187244415284
cbp,0,6,3,3,471.4776282677284,168.15161837064304,2.812591846172626,0.2491109577509073,1.388888955116272,10.556655957148624
cbp,0,7,4,3,346.3977111816406,141.4142623901367,2.4562973022460937,0.24838843047618867,1.388888955116272,9.648711681365967
cbp,0,8,4,4,281.5293180025541,134.93120985764725,2.094924413240873,0.24406576041991895,1.388888955116272,9.794030849750225
cbp,0,9,5,4,250.47323862711588,127.14554659525554,1.9804235100746155,0.23464064796765646,2.0833334922790527,10.870413462320963
cbp,0,10,5,5,293.3497841574929,151.31848699396306,1.9466920657591387,0.230813359672373,2.0833334922790527,12.312823208895596
cbp,0,11,6,5,427.5171691894531,193.84483947753907,2.216933989524841,0.23275675028562545,1.9444445848464966,13.653395175933838
cbp,0,12,6,6,645.6489601135254,244.6913890838623,2.651898592710495,0.23896723799407482,1.4756945222616196,15.832356929779053
cbp,0,13,7,6,957.1525695800781,319.59332885742185,3.0050016164779665,0.24765659272670745,1.388888955116272,18.07181797027588
cbp,0,14,7,7,1377.293477376302,415.90179443359375,3.324808418750763,0.25527117649714154,2.025463114182154,21.467602570851643
cbp,0,15,8,7,1671.2233032226563,489.6145263671875,3.4306521654129027,0.25656924545764925,2.0833334922790527,25.222481536865235
cbp,0,16,8,8,1708.8667461688701,490.33037625826324,3.4937285093160777,0.26048484215369594,1.9764958711770864,24.536118580744816
cbp,0,17,9,8,1206.7094504616477,356.4551724520597,3.3881284540349785,0.25561573288657446,2.0833334922790527,24.1643593528054
cbp,0,18,9,9,967.2029296875,297.19907633463544,3.262792778015137,0.25598456859588625,2.0833334922790527,24.845172119140624
cbp,0,19,10,9,753.3293678977273,242.72403092817828,3.103312535719438,0.2558892992409793,2.0833334922790527,24.94499969482422
cbp,0,20,10,10,535.3690104166667,187.36824544270834,2.860781987508138,0.25245652000109353,2.0833334922790527,24.631797154744465
shrink_and_perturb,0,0,0,0,3556.9495442708335,660.7813212076823,5.5340922276179,0.3501456156373024,0.0,11.559978802998861
shrink_and_perturb,0,1,1,0,2852.2741350446427,508.39093017578125,5.650753940854754,0.32857611988271984,0.9920635393687657,11.993977274213519
shrink_and_perturb,0,2,1,1,1770.8786288174715,373.60706953568894,4.7675510319796475,0.2972145405682651,1.388888955116272,12.66765984621915
shrink_and_perturb,0,3,2,1,1458.4702072143555,337.83188247680664,4.351948648691177,0.2687574867159128,1.388888955116272,14.007610559463501
shrink_and_perturb,0,4,2,2,834.270576985677,227.29638061523437,3.694627523422241,0.24794226090113322,2.0833334922790527,14.244079526265462
shrink_and_perturb,0,5,3,2,740.0879455566406,221.84648590087892,3.3466686725616457,0.24241992384195327,2.0833334922790527,16.43247413635254
shrink_and_perturb,0,6,3,3,545.0449993426984,182.51883990948016,2.9999558192033033,0.23515116366056296,2.0833334922790527,17.804598881648136
shrink_and_perturb,0,7,4,3,313.8693572998047,129.30615692138673,2.435603404045105,0.23216553330421447,2.0833334922790527,19.96096725463867
shrink_and_perturb,0,8,4,4,226.75414100060095,108.23233501727765,2.105469740354098,0.22790922339145953,2.0833334922790527,22.00204115647536
shrink_and_perturb,0,9,5,4,239.11003875732422,123.84782600402832,1.938053955634435,0.22752405206362405,2.0833334922790527,28.11605389912923
shrink_and_perturb,0,10,5,5,406.8657503995028,186.12744279341265,2.2004978223280474,0.23967946523969824,2.0833334922790527,30.88496034795588
shrink_and_perturb,0,11,6,5,768.8664367675781,282.69867553710935,2.737158703804016,0.24844416677951814,2.0833334922790527,32.75565872192383
shrink_and_perturb,0,12,6,6,1288.7012176513672,404.40497970581055,3.1894651055336,0.2510333647951484,2.0833334922790527,35.17271423339844
shrink_and_perturb,0,13,7,6,1545.37890625,456.8672821044922,3.397042441368103,0.2510695680975914,2.0833334922790527,36.432472229003906
shrink_and_perturb,0,14,7,7,1544.8211161295574,462.94178263346356,3.350575884183248,0.24663524453838667,2.0833334922790527,37.217017809549965
shrink_and_perturb,0,15,8,7,1459.1470703125,435.60194396972656,3.3618550062179566,0.24472383856773378,2.0833334922790527,37.829820251464845
shrink_and_perturb,0,16,8,8,1161.8906907301682,362.6692387507512,3.2080112053797794,0.24207629378025347,2.510683903327355,38.83984785813551
shrink_and_perturb,0,17,9,8,1026.030606356534,331.24399358575994,3.113116069273515,0.2451291883533651,2.777777910232544,39.89780564741655
shrink_and_perturb,0,18,9,9,802.5153076171875,267.74444580078125,3.006195894877116,0.24364268481731416,2.268518670399984,40.052041117350264
shrink_and_perturb,0,19,10,9,723.9207375266335,254.32590553977272,2.855473214929754,0.2366888238625093,2.0833334922790527,40.62876822731712
shrink_and_perturb,0,20,10,10,657.0886027018229,238.57375793457032,2.7534759362538654,0.22747216025988262,2.638889026641846,41.86312510172526
adam,1,0,0,0,3086.1383158365884,615.078961690267,5.194876154263814,0.35160042097171146,0.0,10.84439222017924
adam,1,1,1,0,2393.1085379464284,446.6068660191127,5.39467488016401,0.324094472186906,0.0,11.397345542907715
adam,1,2,1,1,1373.6363636363637,293.6696319580078,4.6962454535744405,0.2958473102612929,0.4419192129915411,11.603150541132147
adam,1,3,2,1,1135.2802429199219,274.41450214385986,4.169397920370102,0.2770461216568947,1.1718750558793545,12.909835755825043
adam,1,4,2,2,783.8110188802083,217.3593516031901,3.628994433085124,0.2660081485907237,1.388888955116272,14.25448824564616
adam,1,5,3,2,540.188363647461,170.21329040527343,3.1826990127563475,0.2604409158229828,1.388888955116272,15.464480113983154
adam,1,6,3,3,401.69749802809497,142.52316284179688,2.823691936639639,0.2584385023667262,1.8696582500751202,16.92788006709172
adam,1,7,4,3,243.30772094726564,105.68748474121094,2.314816379547119,0.2560098677873611,2.152777922153473,18.51678333282471
adam,1,8,4,4,182.10423278808594,95.18435258131761,1.9236605625886183,0.2489722164777609,2.5641027047083926,20.86110496520996
adam,1,9,5,4,238.22412109375,122.31965510050456,1.9549665053685505,0.24147735039393106,2.777777910232544,27.042673746744793
adam,1,10,5,5,466.1667785644531,202.23166170987216,2.325987360694192,0.2465023777701638,2.3358587351712314,31.438505346124824
adam,1,11,6,5,745.6406555175781,278.28834381103513,2.6860921144485475,0.24942236840724946,2.0833334922790527,33.551911163330075
adam,1,12,6,6,1000.0491180419922,334.99080657958984,3.0032864660024643,0.2560313232243061,1.388888955116272,34.992191314697266
adam,1,13,7,6,1228.4049438476563,379.5922546386719,3.2540812730789184,0.2536537557840347,1.388888955116272,36.705697250366214
adam,1,14,7,7,1222.2950134277344,373.0136998494466,3.2889583508173623,0.2496615213652452,1.7939816017945607,36.73562145233154
adam,1,15,8,7,1234.1864013671875,379.5277160644531,3.2637069702148436,0.2564256191253662,1.388888955116272,37.650273132324216
adam,1,16,8,8,1019.7899545522837,329.2793884277344,3.1053385734558105,0.2612852339561169,1.4957265762182383,38.2453607412485
adam,1,17,9,8,795.6739113547585,277.45977505770594,2.8734151016582143,0.2849508063359694,1.388888955116272,38.49975100430575
adam,1,18,9,9,587.5968872070313,227.27437540690104,2.5979196707407635,0.26697065234184264,1.388888955116272,39.95316009521484
adam,1,19,10,9,730.5833407315341,287.39462835138494,2.559099023992365,0.27048767154867,2.398990045894276,41.88488838889382
adam,1,20,10,10,777.0685587565105,285.52964884440104,2.7216766516367596,0.269320543607076,3.981481742858887,42.21181081136068
regrama,1,0,0,0,3136.0303243001304,626.7708511352539,5.201121886571248,0.35066302369038266,0.0,10.928961753845215
regrama,1,1,1,0,2621.819065638951,484.218263898577,5.465511117662702,0.32758707233837675,0.7936508314950126,11.447529520307269
regrama,1,2,1,1,1830.2628839666193,387.4507529518821,4.740303429690274,0.3028641397302801,1.136363690549677,12.085727951743387
regrama,1,3,2,1,1662.9717254638672,374.84121322631836,4.473817378282547,0.2604028359055519,1.388888955116272,13.631927490234375
regrama,1,4,2,2,890.1551391601563,239.15532735188802,3.7430623531341554,0.23657032251358032,1.5740741650263468,14.22326234181722
regrama,1,5,3,2,601.1838195800781,192.12281494140626,3.1469725131988526,0.23407921195030212,2.5694445848464964,15.909445190429688
regrama,1,6,3,3,403.93001615084137,150.87490492600662,2.6905898864452658,0.22891416801856115,2.777777910232544,16.933884987464317
regrama,1,7,4,3,276.3340270996094,122.64786376953126,2.2630205392837524,0.21638967394828795,2.777777910232544,18.875878143310548
regrama,1,8,4,4,215.1055403489333,107.85634495661809,2.0068303988530087,0.21256314791165865,2.777777910232544,19.72016980097844
regrama,1,9,5,4,220.5764643351237,119.5734265645345,1.8561602731545765,0.2097915361324946,2.777777910232544,24.61618439356486
regrama,1,10,5,5,357.57295365767044,169.5888338955966,2.1179762970317495,0.21779163859107278,3.472222328186035,27.59917519309304
regrama,1,11,6,5,586.7942077636719,229.3647018432617,2.5657060146331787,0.2203213468194008,3.472222328186035,28.040592002868653
regrama,1,12,6,6,980.6426467895508,316.4625244140625,3.112314909696579,0.23055543657392263,2.9079862385988235,29.761903762817383
regrama,1,13,7,6,1391.6888549804687,404.41005249023436,3.4534088134765626,0.23604706525802613,3.1944445610046386,31.44418296813965
regrama,1,14,7,7,1360.5612080891926,395.77420298258465,3.436827003955841,0.24308235570788383,3.356481591860453,32.136351108551025
regrama,1,15,8,7,1071.9166320800782,321.9368133544922,3.3327826261520386,0.23558121621608735,3.472222328186035,31.842309761047364
regrama,1,16,8,8,1069.5134605994592,321.6557804987981,3.327205933057345,0.23993585201410148,4.1666669845581055,32.558697333702675
regrama,1,17,9,8,1210.8290571732955,361.90287642045456,3.3509928313168613,0.2462990473617207,3.345959706739946,33.85139291936701
regrama,1,18,9,9,995.840087890625,309.6018880208333,3.2212435404459634,0.2512366443872452,3.472222328186035,34.915428415934244
regrama,1,19,10,9,899.6019620028409,290.6666620427912,3.1033365726470947,0.24394845962524414,3.2828283960169014,34.02171429720792
regrama,1,20,10,10,701.4008992513021,241.0990956624349,2.922770961125692,0.2622331102689107,3.2407408555348716,34.71766637166341
cpr,1,0,0,0,2760.022532145182,583.5120493570963,4.961761832237244,0.339789258937041,0.0,10.063751856486002
cpr,1,1,1,0,2282.7682059151784,431.62735639299666,5.354744400296893,0.32821046880313326,0.5952381236212594,10.44942501613072
cpr,1,2,1,1,2919.925115411932,589.7544389204545,5.010053938085383,0.28054769472642377,1.388888955116272,11.652827609669078
cpr,1,3,2,1,2134.017417907715,494.3079471588135,4.340381890535355,0.23950285371392965,1.388888955116272,12.441451668739319
cpr,1,4,2,2,1020.851143391927,262.5434926350911,3.9085228284200033,0.23220001657803854,2.222222375869751,12.46422036488851
cpr,1,5,3,2,688.6289672851562,207.05284423828124,3.3419798612594604,0.22731327265501022,2.777777910232544,12.943013000488282
cpr,1,6,3,3,415.938713660607,149.32376920259915,2.8057528092310977,0.21934077946039346,2.777777910232544,13.054704372699444
cpr,1,7,4,3,246.36114196777345,111.15651016235351,2.227001762390137,0.22182478606700898,2.777777910232544,15.33177146911621
cpr,1,8,4,4,188.2510258601262,99.91255657489484,1.890575674863962,0.22150542529729697,2.777777910232544,17.354229413546047
cpr,1,9,5,4,185.6129010518392,107.99656232198079,1.7292657295862834,0.2202726143101851,2.9513890147209167,22.63856299718221
cpr,1,10,5,5,220.94941572709516,120.13333129882812,1.847550630569458,0.21584291756153107,3.4090910391374067,25.07274090160023
cpr,1,11,6,5,306.2936248779297,148.97249298095704,2.065976691246033,0.22223830819129944,3.472222328186035,26.682278442382813
cpr,1,12,6,6,521.4119472503662,215.55665969848633,2.435123383998871,0.22722426988184452,4.861111164093018,28.210381388664246
cpr,1,13,7,6,793.0960510253906,288.07496948242186,2.771400237083435,0.22859438955783845,4.861111164093018,29.570647048950196
cpr,1,14,7,7,922.1306508382162,311.64390818277997,2.9682355324427285,0.23038707921902338,4.861111164093018,29.729377110799152
cpr,1,15,8,7,889.1564208984375,294.1797607421875,3.033778691291809,0.22389233410358428,5.694444751739502,30.40593147277832
cpr,1,16,8,8,724.6651564378005,244.82003784179688,2.975125734622662,0.22394350171089172,5.448718181023231,31.165554193349983
cpr,1,17,9,8,676.0498324307529,233.63272927024147,2.891945232044567,0.21750721335411072,6.186869144439697,31.594633449207652
cpr,1,18,9,9,577.0672892252604,214.7215372721354,2.696212402979533,0.2136738508939743,6.250000476837158,33.34374059041341
cpr,1,19,10,9,500.6331592906605,194.4471990411932,2.5807980624112217,0.2157924392006614,6.250000476837158,34.50429153442383
cpr,1,20,10,10,512.4773376464843,201.30845438639324,2.5603823184967043,0.21380484998226165,6.94444465637207,35.42024205525716
redo,1,0,0,0,1794.0621846516926,474.78455607096356,3.883120914300283,0.3313195879260699,0.0,10.00520388285319
redo,1,1,1,0,1758.6954084123884,395.3484671456473,4.500804901123047,0.3073763591902597,0.0,10.22638532093593
redo,1,2,1,1,1011.4821166992188,243.2789570201527,4.1839234828948975,0.2914087555625222,0.5050505291331898,10.439287185668945
redo,1,3,2,1,857.2515029907227,214.66847038269043,4.007235363125801,0.2725905906409025,1.388888955116272,11.631537437438965
redo,1,4,2,2,607.2177368164063,174.96260681152344,3.4799594402313234,0.26354127724965415,1.388888955116272,11.038250986735026
redo,1,5,3,2,408.47072143554686,144.0317123413086,2.844424772262573,0.2634234458208084,1.388888955116272,9.50039005279541
redo,1,6,3,3,263.1975931020883,111.97241915189304,2.360929397436289,0.25409071491314816,1.388888955116272,6.359214269197905
redo,1,7,4,3,188.04437713623048,92.15762634277344,2.0547850131988525,0.2423258200287819,2.0833334922790527,6.003122329711914
redo,1,8,4,4,168.7541785606971,88.98280803973859,1.9086981186499963,0.2352764503313945,2.0833334922790527,6.239115861745981
redo,1,9,5,4,195.57349014282227,104.27381896972656,1.8853690226872761,0.2379689229031404,2.0833334922790527,11.384334643681845
redo,1,10,5,5,315.4752169522372,138.7081063010476,2.2894259149378,0.2439917569810694,2.0833334922790527,13.249591307206588
redo,1,11,6,5,500.5088684082031,184.3230239868164,2.7320900678634645,0.2512811467051506,2.0138890385627746,16.572989082336427
redo,1,12,6,6,729.0872840881348,235.12732601165771,3.115413874387741,0.2524500787258148,2.0833334922790527,20.496681571006775
redo,1,13,7,6,1135.4418640136719,333.100244140625,3.4239668369293215,0.2614343106746674,1.5972223162651062,24.32474536895752
redo,1,14,7,7,1209.8934020996094,340.69249216715497,3.560546576976776,0.2613533188899358,1.388888955116272,26.782460530598957
redo,1,15,8,7,1036.0357055664062,290.66626892089846,3.588894271850586,0.2627094030380249,1.388888955116272,27.533176040649415
redo,1,16,8,8,1093.6071026141826,314.755852332482,3.4730587555811954,0.25594234695801366,1.388888955116272,26.655856939462517
redo,1,17,9,8,939.4880426580256,271.81325739080256,3.4555230140686035,0.25396121361038904,1.388888955116272,26.697891235351562
redo,1,18,9,9,717.4824259440104,222.495746866862,3.233744239807129,0.2597622096538544,1.388888955116272,26.541763178507487
redo,1,19,10,9,680.9393477006392,227.34813620827416,3.0035348155281762,0.2481121691790494,2.0833334922790527,27.095307783647016
redo,1,20,10,10,565.2206746419271,202.9349568684896,2.793277708689372,0.2466891328493754,2.037037189801534,27.07780278523763
cbp,1,0,0,0,3031.583994547526,615.5740661621094,5.089921355247498,0.33944273988405865,0.0,10.961488405863443
cbp,1,1,1,0,3722.8080008370534,656.8938119070871,5.729501145226615,0.31267701940877096,1.388888955116272,11.341585568019322
cbp,1,2,1,1,2210.8508633700285,456.3818636807528,4.875906424088911,0.28344795920632104,1.388888955116272,11.773471918973057
cbp,1,3,2,1,1976.819450378418,476.01405334472656,4.175649434328079,0.251300435513258,1.388888955116272,12.456088542938232
cbp,1,4,2,2,1282.0820556640624,353.67555338541666,3.6510587533315024,0.23452098667621613,2.638889026641846,12.448607444763184
cbp,1,5,3,2,776.7619384765625,239.004833984375,3.272715854644775,0.23342259228229523,2.777777910232544,12.380951881408691
cbp,1,6,3,3,485.7580120380108,176.39952322152945,2.7599015969496508,0.22683940483973578,2.777777910232544,11.511438883267916
cbp,1,7,4,3,345.7502075195313,145.01307678222656,2.394596266746521,0.2241459831595421,2.777777910232544,10.76502685546875
cbp,1,8,4,4,241.01087834284857,117.79044811542218,2.056167199061467,0.22105951034105742,2.777777910232544,10.844892501831055
cbp,1,9,5,4,209.4673334757487,115.59742736816406,1.8184573948383331,0.21580488979816437,2.777777910232544,11.839708010355631
cbp,1,10,5,5,269.857929576527,143.7862188165838,1.8897653926502576,0.22272716869007458,2.777777910232544,13.249591480601918
cbp,1,11,6,5,660.3510314941407,255.1689666748047,2.6040444374084473,0.23174062371253967,2.777777910232544,14.644808292388916
cbp,1,12,6,6,1276.1498794555664,405.73482513427734,3.159110739827156,0.23688163235783577,2.777777910232544,16.725213766098022
cbp,1,13,7,6,1391.3048583984375,401.49102783203125,3.458147931098938,0.23328934013843536,2.777777910232544,17.86104507446289
cbp,1,14,7,7,1766.5322163899739,490.3827438354492,3.6106634736061096,0.23129859069983164,2.777777910232544,21.330990314483643
cbp,1,15,8,7,1123.0491821289063,318.39373779296875,3.5355854988098145,0.233879654109478,2.777777910232544,21.967212677001953
cbp,1,16,8,8,1257.735567533053,357.18258197490985,3.5227577319512,0.23626863956451416,2.777777910232544,24.349966049194336
cbp,1,17,9,8,1152.5923406427557,338.275371204723,3.4108798720619897,0.23862474343993448,2.777777910232544,24.944999521428887
cbp,1,18,9,9,985.4371175130208,304.4947957356771,3.243250020345052,0.25251278082529705,2.777777910232544,24.709861119588215
cbp,1,19,10,9,917.4473599520596,283.23001514781606,3.246116724881259,0.2446953600103205,2.777777910232544,25.85338055003773
cbp,1,20,10,10,1016.8391967773438,332.5056925455729,3.0678962230682374,0.2420343150695165,2.777777910232544,28.420503489176433
shrink_and_perturb,1,0,0,0,3119.143839518229,677.5381368001302,4.737007141113281,0.3332555244366328,0.0,10.434555927912394
shrink_and_perturb,1,1,1,0,3924.028145926339,695.5049961635044,5.73281022480556,0.2995403068406241,1.2400794242109572,12.76346560886928
shrink_and_perturb,1,2,1,1,2345.475896661932,496.489990234375,4.7686122114008125,0.27403374964540655,1.388888955116272,13.952167250893332
shrink_and_perturb,1,3,2,1,1742.4386291503906,403.54263496398926,4.334082454442978,0.262302840128541,1.388888955116272,16.03239607810974
shrink_and_perturb,1,4,2,2,1054.8018676757813,293.2089528401693,3.612665541966756,0.2541976849238078,1.388888955116272,16.08118578592936
shrink_and_perturb,1,5,3,2,753.4744262695312,238.85433044433594,3.1787789344787596,0.24143303632736207,1.388888955116272,17.494144248962403
shrink_and_perturb,1,6,3,3,450.15301513671875,168.42074115459735,2.681060791015625,0.23562936026316422,1.4423077656672552,17.204106477590706
shrink_and_perturb,1,7,4,3,289.9701751708984,121.01064987182617,2.40701642036438,0.23396995514631272,1.7361112236976624,19.18032760620117
shrink_and_perturb,1,8,4,4,250.65399991548978,117.2942123413086,2.143654364805955,0.23639116493555215,1.4957265670482929,21.401548385620117
shrink_and_perturb,1,9,5,4,241.11000951131186,124.86764844258626,1.9384363094965618,0.23107413575053215,2.0833334922790527,27.0296630859375
shrink_and_perturb,1,10,5,5,431.48767644708806,187.48737265846947,2.311916719783436,0.2403406392444264,2.0833334922790527,31.8430193120783
shrink_and_perturb,1,11,6,5,685.8322326660157,244.09723663330078,2.8129823446273803,0.2516536697745323,2.3611112594604493,34.199842071533205
shrink_and_perturb,1,12,6,6,1328.1640167236328,401.52380561828613,3.318506196141243,0.25199570693075657,2.777777910232544,36.17290925979614
shrink_and_perturb,1,13,7,6,1887.1928833007812,519.6605529785156,3.6479671955108643,0.2521279871463776,2.777777910232544,38.02498016357422
shrink_and_perturb,1,14,7,7,1848.0427551269531,495.39786020914715,3.727416237195333,0.25395917147397995,2.777777910232544,38.77179209391276
shrink_and_perturb,1,15,8,7,1698.1738525390624,454.1843780517578,3.74566764831543,0.2564842700958252,2.777777910232544,39.35987396240235
shrink_and_perturb,1,16,8,8,1782.8528958834136,485.6307349571815,3.6760849219102125,0.2561093798050514,2.457265092776372,39.12207911564754
shrink_and_perturb,1,17,9,8,1518.305819424716,423.782978404652,3.593165397644043,0.2510417699813843,2.777777910232544,39.59264651211825
shrink_and_perturb,1,18,9,9,1177.0338216145833,340.39716796875,3.452734041213989,0.25061969757080077,2.5000001430511474,40.46317799886068
shrink_and_perturb,1,19,10,9,1299.0675159801137,392.31237238103694,3.309925902973522,0.2691393941640854,2.777777910232544,40.34489926424894
shrink_and_perturb,1,20,10,10,1128.2829264322916,358.0481648763021,3.1621809164683023,0.31832288404305775,1.388888955116272,40.900336201985674
